ID,Name,Contact Name,Contact Email,Contact Phone
1,Idaho Recovery Housing,Sarah Johnson,sarah@irh.example.com,208-555-0101
2,Treasure Valley Transitional,Mike Chen,mike@tvt.example.com,208-555-0102
3,Eastern Idaho Reentry Services,Lisa Park,lisa@eirs.example.com,208-555-0103
4,North Idaho Housing Alliance,Tom Rivera,tom@niha.example.com,208-555-0104
5,Magic Valley Recovery Homes,Amy Brooks,amy@mvrh.example.com,208-555-0105
6,Large Seed Provider 1,Provider Contact 1,large.provider1@idoc.example.com,208-555-2001
7,Large Seed Provider 2,Provider Contact 2,large.provider2@idoc.example.com,208-555-2002
8,Large Seed Provider 3,Provider Contact 3,large.provider3@idoc.example.com,208-555-2003
9,Large Seed Provider 4,Provider Contact 4,large.provider4@idoc.example.com,208-555-2004
10,Large Seed Provider 5,Provider Contact 5,large.provider5@idoc.example.com,208-555-2005
