ID,Parolee ID,Facility ID,Added By,Priority,Notes,Created At
1,IDOC-10003,5,cm_adams,high,Needs placement near Idaho Falls for family support,2026-04-09 03:14:33.767045+00:00
2,IDOC-10001,2,cm_adams,medium,Large seed waitlist entry,2026-04-09 03:14:49.686010+00:00
3,IDOC-10002,3,cm_adams,medium,Large seed waitlist entry,2026-04-09 03:14:49.693271+00:00
4,IDOC-10003,4,cm_adams,medium,Large seed waitlist entry,2026-04-09 03:14:49.703111+00:00
5,IDOC-10004,5,cm_adams,medium,Large seed waitlist entry,2026-04-09 03:14:49.708553+00:00
6,IDOC-10005,6,cm_adams,medium,Large seed waitlist entry,2026-04-09 03:14:49.715887+00:00
7,IDOC-20000,7,cm_adams,medium,Large seed waitlist entry,2026-04-09 03:14:49.723350+00:00
8,IDOC-20001,8,cm_adams,medium,Large seed waitlist entry,2026-04-09 03:14:49.748619+00:00
9,IDOC-20002,9,cm_adams,medium,Large seed waitlist entry,2026-04-09 03:14:49.764121+00:00
10,IDOC-20003,10,cm_adams,medium,Large seed waitlist entry,2026-04-09 03:14:49.771115+00:00
11,IDOC-20004,11,cm_adams,medium,Large seed waitlist entry,2026-04-09 03:14:49.781587+00:00
12,IDOC-20005,12,cm_adams,medium,Large seed waitlist entry,2026-04-09 03:14:49.799840+00:00
13,IDOC-20006,13,cm_adams,medium,Large seed waitlist entry,2026-04-09 03:14:49.822055+00:00
14,IDOC-20007,14,cm_adams,medium,Large seed waitlist entry,2026-04-09 03:14:49.829813+00:00
15,IDOC-20008,15,cm_adams,medium,Large seed waitlist entry,2026-04-09 03:14:49.836601+00:00
16,IDOC-20009,16,cm_adams,medium,Large seed waitlist entry,2026-04-09 03:14:49.842632+00:00
17,IDOC-20010,17,cm_adams,medium,Large seed waitlist entry,2026-04-09 03:14:49.854998+00:00
18,IDOC-20011,18,cm_adams,medium,Large seed waitlist entry,2026-04-09 03:14:49.863563+00:00
19,IDOC-20012,19,cm_adams,medium,Large seed waitlist entry,2026-04-09 03:14:49.869925+00:00
20,IDOC-20013,20,cm_adams,medium,Large seed waitlist entry,2026-04-09 03:14:49.879336+00:00
21,IDOC-20014,21,cm_adams,medium,Large seed waitlist entry,2026-04-09 03:14:49.886080+00:00
22,IDOC-20015,22,cm_adams,medium,Large seed waitlist entry,2026-04-09 03:14:49.892581+00:00
23,IDOC-20016,23,cm_adams,medium,Large seed waitlist entry,2026-04-09 03:14:49.901615+00:00
24,IDOC-20017,1,cm_adams,medium,Large seed waitlist entry,2026-04-09 03:14:49.908552+00:00
25,IDOC-20018,2,cm_adams,medium,Large seed waitlist entry,2026-04-09 03:14:49.915166+00:00
26,IDOC-20019,3,cm_adams,medium,Large seed waitlist entry,2026-04-09 03:14:49.921535+00:00
27,IDOC-20020,4,cm_adams,medium,Large seed waitlist entry,2026-04-09 03:14:49.928194+00:00
28,IDOC-20021,5,cm_adams,medium,Large seed waitlist entry,2026-04-09 03:14:49.934250+00:00
29,IDOC-20022,6,cm_adams,medium,Large seed waitlist entry,2026-04-09 03:14:49.940356+00:00
30,IDOC-20023,7,cm_adams,medium,Large seed waitlist entry,2026-04-09 03:14:49.949026+00:00
31,IDOC-20024,8,cm_adams,medium,Large seed waitlist entry,2026-04-09 03:14:49.958243+00:00
32,IDOC-20025,9,cm_adams,medium,Large seed waitlist entry,2026-04-09 03:14:49.965265+00:00
33,IDOC-20026,10,cm_adams,medium,Large seed waitlist entry,2026-04-09 03:14:49.975352+00:00
34,IDOC-20027,11,cm_adams,medium,Large seed waitlist entry,2026-04-09 03:14:49.981390+00:00
35,IDOC-20028,12,cm_adams,medium,Large seed waitlist entry,2026-04-09 03:14:49.987304+00:00
36,IDOC-20029,13,cm_adams,medium,Large seed waitlist entry,2026-04-09 03:14:49.993637+00:00
37,IDOC-20030,14,cm_adams,medium,Large seed waitlist entry,2026-04-09 03:14:50.002082+00:00
38,IDOC-20031,15,cm_adams,medium,Large seed waitlist entry,2026-04-09 03:14:50.017451+00:00
39,IDOC-20032,16,cm_adams,medium,Large seed waitlist entry,2026-04-09 03:14:50.025123+00:00
40,IDOC-20033,17,cm_adams,medium,Large seed waitlist entry,2026-04-09 03:14:50.029876+00:00
41,IDOC-20034,18,cm_adams,medium,Large seed waitlist entry,2026-04-09 03:14:50.034910+00:00
42,IDOC-20035,19,cm_adams,medium,Large seed waitlist entry,2026-04-09 03:14:50.039642+00:00
43,IDOC-20036,20,cm_adams,medium,Large seed waitlist entry,2026-04-09 03:14:50.044459+00:00
44,IDOC-20037,21,cm_adams,medium,Large seed waitlist entry,2026-04-09 03:14:50.049954+00:00
45,IDOC-20038,22,cm_adams,medium,Large seed waitlist entry,2026-04-09 03:14:50.055192+00:00
46,IDOC-20039,23,cm_adams,medium,Large seed waitlist entry,2026-04-09 03:14:50.061439+00:00
47,IDOC-20040,1,cm_adams,medium,Large seed waitlist entry,2026-04-09 03:14:50.066950+00:00
48,IDOC-20041,2,cm_adams,medium,Large seed waitlist entry,2026-04-09 03:14:50.073442+00:00
49,IDOC-20042,3,cm_adams,medium,Large seed waitlist entry,2026-04-09 03:14:50.079583+00:00
50,IDOC-20043,4,cm_adams,medium,Large seed waitlist entry,2026-04-09 03:14:50.162812+00:00
51,IDOC-20044,5,cm_adams,medium,Large seed waitlist entry,2026-04-09 03:14:50.177111+00:00
52,IDOC-20045,6,cm_adams,medium,Large seed waitlist entry,2026-04-09 03:14:50.211740+00:00
53,IDOC-20046,7,cm_adams,medium,Large seed waitlist entry,2026-04-09 03:14:50.228470+00:00
54,IDOC-20047,8,cm_adams,medium,Large seed waitlist entry,2026-04-09 03:14:50.249101+00:00
55,IDOC-20048,9,cm_adams,medium,Large seed waitlist entry,2026-04-09 03:14:50.268840+00:00
56,IDOC-20049,10,cm_adams,medium,Large seed waitlist entry,2026-04-09 03:14:50.288185+00:00
57,IDOC-20050,11,cm_adams,medium,Large seed waitlist entry,2026-04-09 03:14:50.314143+00:00
58,IDOC-20051,12,cm_adams,medium,Large seed waitlist entry,2026-04-09 03:14:50.342439+00:00
59,IDOC-20052,13,cm_adams,medium,Large seed waitlist entry,2026-04-09 03:14:50.362421+00:00
60,IDOC-20053,14,cm_adams,medium,Large seed waitlist entry,2026-04-09 03:14:50.370322+00:00
61,IDOC-20054,15,cm_adams,medium,Large seed waitlist entry,2026-04-09 03:14:50.387946+00:00
62,IDOC-20055,16,cm_adams,medium,Large seed waitlist entry,2026-04-09 03:14:50.403694+00:00
63,IDOC-20056,17,cm_adams,medium,Large seed waitlist entry,2026-04-09 03:14:50.409346+00:00
64,IDOC-20057,18,cm_adams,medium,Large seed waitlist entry,2026-04-09 03:14:50.428571+00:00
65,IDOC-20058,19,cm_adams,medium,Large seed waitlist entry,2026-04-09 03:14:50.433671+00:00
66,IDOC-20059,20,cm_adams,medium,Large seed waitlist entry,2026-04-09 03:14:50.440044+00:00
67,IDOC-20060,21,cm_adams,medium,Large seed waitlist entry,2026-04-09 03:14:50.458892+00:00
68,IDOC-20061,22,cm_adams,medium,Large seed waitlist entry,2026-04-09 03:14:50.481536+00:00
69,IDOC-20062,23,cm_adams,medium,Large seed waitlist entry,2026-04-09 03:14:50.510674+00:00
70,IDOC-20063,1,cm_adams,medium,Large seed waitlist entry,2026-04-09 03:14:50.520970+00:00
71,IDOC-20064,2,cm_adams,medium,Large seed waitlist entry,2026-04-09 03:14:50.530393+00:00
72,IDOC-20065,3,cm_adams,medium,Large seed waitlist entry,2026-04-09 03:14:50.540252+00:00
73,IDOC-20066,4,cm_adams,medium,Large seed waitlist entry,2026-04-09 03:14:50.549759+00:00
74,IDOC-20067,5,cm_adams,medium,Large seed waitlist entry,2026-04-09 03:14:50.569382+00:00
75,IDOC-20068,6,cm_adams,medium,Large seed waitlist entry,2026-04-09 03:14:50.591574+00:00
76,IDOC-20069,7,cm_adams,medium,Large seed waitlist entry,2026-04-09 03:14:50.597773+00:00
77,IDOC-20070,8,cm_adams,medium,Large seed waitlist entry,2026-04-09 03:14:50.620713+00:00
78,IDOC-20071,9,cm_adams,medium,Large seed waitlist entry,2026-04-09 03:14:50.640582+00:00
79,IDOC-20072,10,cm_adams,medium,Large seed waitlist entry,2026-04-09 03:14:50.657009+00:00
80,IDOC-20073,11,cm_adams,medium,Large seed waitlist entry,2026-04-09 03:14:50.665272+00:00
81,IDOC-20074,12,cm_adams,medium,Large seed waitlist entry,2026-04-09 03:14:50.699770+00:00
82,IDOC-20075,13,cm_adams,medium,Large seed waitlist entry,2026-04-09 03:14:50.708518+00:00
83,IDOC-20076,14,cm_adams,medium,Large seed waitlist entry,2026-04-09 03:14:50.729068+00:00
84,IDOC-20077,15,cm_adams,medium,Large seed waitlist entry,2026-04-09 03:14:50.748425+00:00
85,IDOC-20078,16,cm_adams,medium,Large seed waitlist entry,2026-04-09 03:14:50.776994+00:00
86,IDOC-20079,17,cm_adams,medium,Large seed waitlist entry,2026-04-09 03:14:50.818289+00:00
87,IDOC-20080,18,cm_adams,medium,Large seed waitlist entry,2026-04-09 03:14:50.848009+00:00
88,IDOC-20081,19,cm_adams,medium,Large seed waitlist entry,2026-04-09 03:14:50.932723+00:00
89,IDOC-20082,20,cm_adams,medium,Large seed waitlist entry,2026-04-09 03:14:51.039466+00:00
90,IDOC-20083,21,cm_adams,medium,Large seed waitlist entry,2026-04-09 03:14:51.062062+00:00
91,IDOC-20084,22,cm_adams,medium,Large seed waitlist entry,2026-04-09 03:14:51.327096+00:00
92,IDOC-20085,23,cm_adams,medium,Large seed waitlist entry,2026-04-09 03:14:51.380426+00:00
93,IDOC-20086,1,cm_adams,medium,Large seed waitlist entry,2026-04-09 03:14:51.477207+00:00
94,IDOC-20087,2,cm_adams,medium,Large seed waitlist entry,2026-04-09 03:14:51.583999+00:00
95,IDOC-20088,3,cm_adams,medium,Large seed waitlist entry,2026-04-09 03:14:51.629308+00:00
96,IDOC-20089,4,cm_adams,medium,Large seed waitlist entry,2026-04-09 03:14:51.648501+00:00
97,IDOC-20090,5,cm_adams,medium,Large seed waitlist entry,2026-04-09 03:14:51.678891+00:00
98,IDOC-20091,6,cm_adams,medium,Large seed waitlist entry,2026-04-09 03:14:51.705675+00:00
99,IDOC-20092,7,cm_adams,medium,Large seed waitlist entry,2026-04-09 03:14:51.738769+00:00
100,IDOC-20093,8,cm_adams,medium,Large seed waitlist entry,2026-04-09 03:14:51.786899+00:00
101,IDOC-20094,9,cm_adams,medium,Large seed waitlist entry,2026-04-09 03:14:51.817462+00:00
102,IDOC-20095,10,cm_adams,medium,Large seed waitlist entry,2026-04-09 03:14:51.832108+00:00
103,IDOC-20096,11,cm_adams,medium,Large seed waitlist entry,2026-04-09 03:14:51.858219+00:00
104,IDOC-20097,12,cm_adams,medium,Large seed waitlist entry,2026-04-09 03:14:51.911607+00:00
105,IDOC-20098,13,cm_adams,medium,Large seed waitlist entry,2026-04-09 03:14:51.926707+00:00
106,IDOC-20099,14,cm_adams,medium,Large seed waitlist entry,2026-04-09 03:14:51.985497+00:00
107,IDOC-20100,15,cm_adams,medium,Large seed waitlist entry,2026-04-09 03:14:52.007188+00:00
108,IDOC-20101,16,cm_adams,medium,Large seed waitlist entry,2026-04-09 03:14:52.017170+00:00
109,IDOC-20102,17,cm_adams,medium,Large seed waitlist entry,2026-04-09 03:14:52.038904+00:00
110,IDOC-20103,18,cm_adams,medium,Large seed waitlist entry,2026-04-09 03:14:52.045725+00:00
111,IDOC-20104,19,cm_adams,medium,Large seed waitlist entry,2026-04-09 03:14:52.051701+00:00
112,IDOC-20105,20,cm_adams,medium,Large seed waitlist entry,2026-04-09 03:14:52.065526+00:00
113,IDOC-20106,21,cm_adams,medium,Large seed waitlist entry,2026-04-09 03:14:52.071093+00:00
114,IDOC-20107,22,cm_adams,medium,Large seed waitlist entry,2026-04-09 03:14:52.092172+00:00
115,IDOC-20108,23,cm_adams,medium,Large seed waitlist entry,2026-04-09 03:14:52.115858+00:00
116,IDOC-20109,1,cm_adams,medium,Large seed waitlist entry,2026-04-09 03:14:52.122536+00:00
117,IDOC-20110,2,cm_adams,medium,Large seed waitlist entry,2026-04-09 03:14:52.132857+00:00
118,IDOC-20111,3,cm_adams,medium,Large seed waitlist entry,2026-04-09 03:14:52.152081+00:00
119,IDOC-20112,4,cm_adams,medium,Large seed waitlist entry,2026-04-09 03:14:52.157697+00:00
120,IDOC-20113,5,cm_adams,medium,Large seed waitlist entry,2026-04-09 03:14:52.162729+00:00
121,IDOC-20114,6,cm_adams,medium,Large seed waitlist entry,2026-04-09 03:14:52.181040+00:00
